﻿Code,Indicator Name,Long definition,Source
SP.POP.TOTL,"Population, total","Total population is based on the de facto definition of population, which counts all residents regardless of legal status or citizenship. The values shown are midyear estimates.","(1) United Nations Population Division. World Population Prospects: 2017 Revision. (2) Census reports and other statistical publications from national statistical offices, (3) Eurostat: Demographic Statistics, (4) United Nations Statistical Division. Population and Vital Statistics Reprot (various years), (5) U.S. Census Bureau: International Database, and (6) Secretariat of the Pacific Community: Statistics and Demography Programme."
SP.RUR.TOTL,Rural population,Rural population refers to people living in rural areas as defined by national statistical offices. It is calculated as the difference between total population and urban population. Aggregation of urban and rural population may not add up to total population because of different country coverages.,World Bank staff estimates based on the United Nations Population Division's World Urbanization Prospects: 2018 Revision.
SM.POP.TOTL.ZS,International migrant stock (% of population),"International migrant stock is the number of people born in a country other than that in which they live. It also includes refugees. The data used to estimate the international migrant stock at a particular time are obtained mainly from population censuses. The estimates are derived from the data on foreign-born population--people who have residence in one country but were born in another country. When data on the foreign-born population are not available, data on foreign population--that is, people who are citizens of a country other than the country in which they reside--are used as estimates. After the breakup of the Soviet Union in 1991 people living in one of the newly independent countries who were born in another were classified as international migrants. Estimates of migrant stock in the newly independent states from 1990 on are based on the 1989 census of the Soviet Union. For countries with information on the international migrant stock for at least two points in time, interpolation or extrapolation was used to estimate the international migrant stock on July 1 of the reference years. For countries with only one observation, estimates for the reference years were derived using rates of change in the migrant stock in the years preceding or following the single observation available. A model was used to estimate migrants for countries that had no data.","United Nations Population Division, Trends in Total Migrant Stock: 2008 Revision."
EG.ELC.ACCS.ZS,Access to electricity (% of population),"Access to electricity is the percentage of population with access to electricity. Electrification data are collected from industry, national surveys and international sources.","World Bank, Sustainable Energy for All (SE4ALL) database from the SE4ALL Global Tracking Framework led jointly by the World Bank, International Energy Agency, and the Energy Sector Management Assistance Program."
IT.NET.USER.ZS,Individuals using the Internet (% of population),"Internet users are individuals who have used the Internet (from any location) in the last 3 months. The Internet can be used via a computer, mobile phone, personal digital assistant, games machine, digital TV etc.","International Telecommunication Union, World Telecommunication/ICT Development Report and database."
SH.H2O.SMDW.ZS,People using safely managed drinking water services (% of population),"The percentage of people using drinking water from an improved source that is accessible on premises, available when needed and free from faecal and priority chemical contamination. Improved water sources include piped water, boreholes or tubewells, protected dug wells, protected springs, and packaged or delivered water.","WHO/UNICEF Joint Monitoring Programme (JMP) for Water Supply, Sanitation and Hygiene (washdata.org)."
SI.POV.UMIC,Poverty headcount ratio at $5.50 a day (2011 PPP) (% of population),"Poverty headcount ratio at $5.50 a day is the percentage of the population living on less than $5.50 a day at 2011 international prices. As a result of revisions in PPP exchange rates, poverty rates for individual countries cannot be compared with poverty rates reported in earlier editions.","World Bank, Development Research Group. Data are based on primary household survey data obtained from government statistical agencies and World Bank country departments. Data for high-income economies are from the Luxembourg Income Study database. For more information and methodology, please see PovcalNet (http://iresearch.worldbank.org/PovcalNet/index.htm)."
SI.POV.LMIC,Poverty headcount ratio at $3.20 a day (2011 PPP) (% of population),"Poverty headcount ratio at $3.20 a day is the percentage of the population living on less than $3.20 a day at 2011 international prices. As a result of revisions in PPP exchange rates, poverty rates for individual countries cannot be compared with poverty rates reported in earlier editions.","World Bank, Development Research Group. Data are based on primary household survey data obtained from government statistical agencies and World Bank country departments. Data for high-income economies are from the Luxembourg Income Study database. For more information and methodology, please see PovcalNet (http://iresearch.worldbank.org/PovcalNet/index.htm)."
SI.POV.DDAY,Poverty headcount ratio at $1.90 a day (2011 PPP) (% of population),"Poverty headcount ratio at $1.90 a day is the percentage of the population living on less than $1.90 a day at 2011 international prices. As a result of revisions in PPP exchange rates, poverty rates for individual countries cannot be compared with poverty rates reported in earlier editions.","World Bank, Development Research Group. Data are based on primary household survey data obtained from government statistical agencies and World Bank country departments. Data for high-income economies are from the Luxembourg Income Study database. For more information and methodology, please see PovcalNet (http://iresearch.worldbank.org/PovcalNet/index.htm)."
SI.POV.NAHC,Poverty headcount ratio at national poverty lines (% of population),National poverty headcount ratio is the percentage of the population living below the national poverty lines. National estimates are based on population-weighted subgroup estimates from household surveys.,"World Bank, Global Poverty Working Group. Data are compiled from official government sources or are computed by World Bank staff using national (i.e. country–specific) poverty lines."
NY.GDP.PCAP.KD,GDP per capita (constant 2010 US$),GDP per capita is gross domestic product divided by midyear population. GDP is the sum of gross value added by all resident producers in the economy plus any product taxes and minus any subsidies not included in the value of the products. It is calculated without making deductions for depreciation of fabricated assets or for depletion and degradation of natural resources. Data are in constant 2010 U.S. dollars.,"World Bank national accounts data, and OECD National Accounts data files."
NY.GDP.MKTP.KD,GDP (constant 2010 US$),"GDP at purchaser's prices is the sum of gross value added by all resident producers in the economy plus any product taxes and minus any subsidies not included in the value of the products. It is calculated without making deductions for depreciation of fabricated assets or for depletion and degradation of natural resources. Data are in constant 2010 U.S. dollars. Dollar figures for GDP are converted from domestic currencies using 2010 official exchange rates. For a few countries where the official exchange rate does not reflect the rate effectively applied to actual foreign exchange transactions, an alternative conversion factor is used.","World Bank national accounts data, and OECD National Accounts data files."
SE.PRM.CMPT.ZS,"Primary completion rate, total (% of relevant age group)","Primary completion rate, or gross intake ratio to the last grade of primary education, is the number of new entrants (enrollments minus repeaters) in the last grade of primary education, regardless of age, divided by the population at the entrance age for the last grade of primary education. Data limitations preclude adjusting for students who drop out during the final year of primary education.",UNESCO Institute for Statistics
SH.DTH.IMRT,Number of infant deaths,Number of infants dying before reaching one year of age.,"Estimates developed by the UN Inter-agency Group for Child Mortality Estimation (UNICEF, WHO, World Bank, UN DESA Population Division) at www.childmortality.org."
SP.DYN.IMRT.MA.IN,"Mortality rate, infant, male (per 1,000 live births)","Infant mortality rate, male is the number of male infants dying before reaching one year of age, per 1,000 male live births in a given year.","Estimates developed by the UN Inter-agency Group for Child Mortality Estimation (UNICEF, WHO, World Bank, UN DESA Population Division) at www.childmortality.org."
SP.DYN.IMRT.FE.IN,"Mortality rate, infant, female (per 1,000 live births)","Infant mortality rate, female is the number of female infants dying before reaching one year of age, per 1,000 female live births in a given year.","Estimates developed by the UN Inter-agency Group for Child Mortality Estimation (UNICEF, WHO, World Bank, UN DESA Population Division) at www.childmortality.org."
SP.DYN.IMRT.IN,"Mortality rate, infant (per 1,000 live births)","Infant mortality rate is the number of infants dying before reaching one year of age, per 1,000 live births in a given year.","Estimates developed by the UN Inter-agency Group for Child Mortality Estimation (UNICEF, WHO, World Bank, UN DESA Population Division) at www.childmortality.org."
SH.HIV.INCD,Adults (ages 15+) newly infected with HIV,Number of adults (ages 15+) newly infected with HIV.,UNAIDS estimates.
SH.HIV.0014,Children (0-14) living with HIV,Children living with HIV refers to the number of children ages 0-14 who are infected with HIV.,UNAIDS estimates.
SH.DYN.AIDS.ZS,"Prevalence of HIV, total (% of population ages 15-49)",Prevalence of HIV refers to the percentage of people ages 15-49 who are infected with HIV.,UNAIDS estimates.
SH.HIV.1524.MA.ZS,"Prevalence of HIV, male (% ages 15-24)","Prevalence of HIV, male is the percentage of males who are infected with HIV. Youth rates are as a percentage of the relevant age group.",UNAIDS estimates.
SH.HIV.1524.FE.ZS,"Prevalence of HIV, female (% ages 15-24)","Prevalence of HIV, female is the percentage of females who are infected with HIV. Youth rates are as a percentage of the relevant age group.",UNAIDS estimates.
